[
    {
        "anonymous": false,
        "inputs": [
            {
                "indexed": false,
                "internalType": "uint256",
                "name": "token",
                "type": "uint256"
            }
        ],
        "name": "GetFlag",
        "type": "event"
    },
    {
        "inputs": [],
        "name": "create",
        "outputs": [],
        "stateMutability": "payable",
        "type": "function"
    },
    {
        "inputs": [
            {
                "internalType": "address",
                "name": "",
                "type": "address"
            }
        ],
        "name": "instances",
        "outputs": [
            {
                "internalType": "address",
                "name": "",
                "type": "address"
            }
        ],
        "stateMutability": "view",
        "type": "function"
    },
    {
        "inputs": [
            {
                "internalType": "uint256",
                "name": "token",
                "type": "uint256"
            }
        ],
        "name": "validate",
        "outputs": [],
        "stateMutability": "nonpayable",
        "type": "function"
    }
]