[
    {
        "inputs": [
            {
                "internalType": "address",
                "name": "_factory",
                "type": "address"
            }
        ],
        "name": "create",
        "outputs": [],
        "stateMutability": "payable",
        "type": "function"
    },
    {
        "inputs": [
            {
                "internalType": "address",
                "name": "_target",
                "type": "address"
            }
        ],
        "name": "run",
        "outputs": [],
        "stateMutability": "payable",
        "type": "function"
    },
    {
        "inputs": [
            {
                "internalType": "address",
                "name": "_factory",
                "type": "address"
            },
            {
                "internalType": "uint256",
                "name": "token",
                "type": "uint256"
            }
        ],
        "name": "validate",
        "outputs": [],
        "stateMutability": "nonpayable",
        "type": "function"
    }
]